<?xml version="1.0" encoding="UTF-8"?>
<project-private xmlns="http://www.netbeans.org/ns/project-private/1">
    <editor-bookmarks xmlns="http://www.netbeans.org/ns/editor-bookmarks/2" lastBookmarkId="0"/>
    <open-files xmlns="http://www.netbeans.org/ns/projectui-open-files/2">
        <group>
            <file>file:/C:/Users/Barkavi/Documents/NetBeansProjects/GlobalHospital/src/ViewChannel.java</file>
            <file>file:/C:/Users/Barkavi/Documents/NetBeansProjects/GlobalHospital/src/Doctor.java</file>
            <file>file:/C:/Users/Barkavi/Documents/NetBeansProjects/GlobalHospital/src/Main.java</file>
            <file>file:/C:/Users/Barkavi/Documents/NetBeansProjects/GlobalHospital/src/viewPrescription.java</file>
            <file>file:/C:/Users/Barkavi/Documents/NetBeansProjects/GlobalHospital/src/Prescription.java</file>
            <file>file:/C:/Users/Barkavi/Documents/NetBeansProjects/GlobalHospital/src/Channel.java</file>
            <file>file:/C:/Users/Barkavi/Documents/NetBeansProjects/GlobalHospital/src/User.java</file>
            <file>file:/C:/Users/Barkavi/Documents/NetBeansProjects/GlobalHospital/src/Login.java</file>
            <file>file:/C:/Users/Barkavi/Documents/NetBeansProjects/GlobalHospital/src/Patient.java</file>
            <file>file:/C:/Users/Barkavi/Documents/NetBeansProjects/GlobalHospital/src/viewDoctor.java</file>
            <file>file:/C:/Users/Barkavi/Documents/NetBeansProjects/GlobalHospital/src/Item.java</file>
        </group>
    </open-files>
</project-private>
